com.intuit.sbd.payroll.psp.adapters.sap.adapter.UserAdapter,searchUsersInDomain
,removeUser
,getAllRoleObjects
,getAllRoles
,updateUserData
,getUsersInDomain
,getAllOperations
,addNewUserData
com.intuit.sbd.payroll.psp.adapters.sap.adapter.AccountingAdapter,createBookTransfer
,getIntuitAccountsDescription
,findBookTransferTransactions
,cancelBookTransfer
com.intuit.sbd.payroll.psp.adapters.sap.adapter.ViewMyPaycheckAdapter,removeConsumerId
,getEmployeesInfo
,getPaystubDetails
,findPaystubs
,getEmployeeInfo
,findVMPEmployeeCount
,findVMPEmployee
com.intuit.sbd.payroll.psp.adapters.sap.adapter.ReportAdapter,getReportList
com.intuit.sbd.payroll.psp.adapters.sap.adapter.CompanyAdapter,getCompanySignatureImage
,addCompanyStrike
,addBankAccount
,addServiceToCompany
,findBankAccounts
,updateTaxExemptStatus
,deleteVMPData
,setAssistedPriceTypeAndOffer
,reactivateEntitlementUnit
,addEntitlementUnitToCompany
,saveCompanyService
,removeInvalidFlagOnEmailAddresses
,getCompanyOffers
,reCalculateLedgerBalances
,uploadSignatureFile
,updateCompanyFundingModel
,findCompanyFraudEvents
,reinitiateRandomDebit
,switchAllowTransmissions
,deactivateEntitlementUnit
,addCompany
,cancelCompanyStrike
,getFeeOfferingServiceChargePrices
,switchDebugLogging
,editBankAccount
,resetVerifyAttempts
,verifyCompanyBankAccount
,updateCompanyLegalInfo
,findAgencyPrintingBatches
,updateQuickbooksInfo
,updateSubscriptionEndDate
,switchProcessTransmissions
,updateCompanyContacts
,getAdditionalAddresses
,moveEntitlementUnit
,generateRandomPin
,unlockCompany
,getAdditionalContacts
,removeFraudFlag
,adjustCompanyTokens
,updateEntityChange
,addCheckPrintTestBatch
,savePrintBatchStatus
,findCheckPrintingBatches
com.intuit.sbd.payroll.psp.adapters.sap.adapter.TaxAdapter,updateInitiationDates
,removePaymentOnHoldReason
,getLawFlagHistory
,findPaymentDetailTransactions
,initiateACHFileCreation
,initiateRepayment
,getSupportedPaymentTemplates
,getPaymentTemplateQuarters
,rejectRAFEnrollment
,updatedDataSyncTokensOnSelectedItems
,unFinalizePayment
,rejectPayment
,deleteACHEnrollment
,addTaxPaymentAgentOnHoldReason
,updateAgentEnabled
,finalizePayment
,enrollAllRAFEnrollments
,updateACHEnrollmentAsEnrolled
,checkAgencyIDs
,createCourtesyRefund
,findRefundTransactions
,reInitiateRAFTapeCreation
,findCompanyAgencies
,getEFTPSEnrollmentRejections
,getDepositFrequencyHistory
,getAllDepositFrequencies
,updateDepositFrequencies
,hasNonNumericSourceIds
,initiateRAFTapeCreation
,updateRAFEnrollmentStatus
,getACHEnrollmentsHistory
,findCourtesyRefundTransactions
,getFirstTaxYear
,getCompanyLawRatesHistory
,findACHEnrollments
,updateFilerType
,editCompanyLawAgencyId
,updateGroupPaymentMethods
,updateDataSyncTokens
,createPenaltiesAndInterestRefunds
,findTaxPayments
,updatePaymentMethod
,findAllEditableRates
,getPaymentTemplateYears
,getCompanyFilingAmountHistory
,updatePayDate
,getDataSyncDetails
,getMoneyMovementTransactionsForVerification
,getPaymentTemplateQuarterPayment
,getManualLedgerLines
,cancelDeleteRAFEnrollment
,getAllLawFlags
,getSupportedPaymentTemplatesForCompany
,updateAdditionalFilingAmounts
,findAgencyIDs
,editPaymentAmount
,getFilerType
,findEditableQuarterRates
,getAgencyIdHistory
,getFilerTypeHistory
,createTORTransactions
,cancelDeleteACHEnrollment
,getDefaultDepositFrequency
,updateAgencyIDs
,createManualLedgerEntry
,reInitiateRAFEnrollment
,initiateReEnrollment
,updateRates
,findCompanyTaxYears
,findEditableAdditionalFilingAmounts
,finalizePayments
,updateLawFlags
,reInitiateACHEnrollment
,getAgencyInfoArray
,getCompanyAgencyHistory
,deleteRAFEnrollment
,getAdditionalAgencyIdsHistory
,createRefundDebit
,createManualEFTPSEnrollment
,findTaxTransactions
,getTemplateYearPayment
,updateErFicaDeferral
,getAgencyTaxRefundBreakdown
,uploadACHResponseFile
,updateAllRates
com.intuit.sbd.payroll.psp.adapters.sap.adapter.RTBAdapter,executeMassCancellation
,getRTBJobList
,decryptText
,getProcessMassCanFileList
,uploadAndExecuteRTBJob
,getAutoMassCanFlag
com.intuit.sbd.payroll.psp.adapters.sap.adapter.PayrollRunAdapter,findLedgerAccountByPayrollAndLedgerCode
,refundEmployerTransaction
,refundERPayable
,addWriteOffBadDebtTransaction
,voidPayrollTaxPayment
,reversePayrollRunTransactions
,addWireExpectedDateTransaction
,addFeeTransactions
,findPayrollUncollectedBalances
,addIntuit5DayReturnTransfer
,getLineItems
,addFeeTransferTransaction
,checkPayrollForSuspectPaychecks
,addWriteOffEmployeeBadDebtTransaction
,cancelBillPaymentTransaction
,findTransactionsByLedgerAccountAndPayroll
,findReversableEmployeeTransactions
,addRecoverBadDebtTransactions
,addEmployeeReturnRefundTransaction
,findPayrollCollectedTransactions
,cancelPayrollTransaction
,reissuePayrollTaxPayment
,addEscalation
,addRefundRebillTransaction
,addFinancialLedgerAdjustmentTransaction
,findPayrollUnrecoveredBalances
,findTransactionsByLedgerAccount
,findCancelableTransactions
,getLedgerAccountBalanceForLaw
,addEmployerReturnRefundTransaction
,getRedebitTransactionsForPayroll
,addRefundPayrollTransactions
,findLedgerAccountsByPayroll
,findLedgerAccounts
,getTransactionHistory
,addEmployeeReturnTransferTransaction
,redebitPayrollTransactions
,cancelAdjustment
,voidTransaction
,findPayrollPrefundingTransactions
,addRefundTransaction
,findChaseReportForDateRange
,getPayrollLaws
,addPrefundPayrollTransactions
,applyERPayableToBalanceDue
,cancelTransaction
com.intuit.sbd.payroll.psp.adapters.sap.adapter.AdministrationAdapter,getOffloadStatus
,getFraudRules
,getLimitRules
,isSecondOffloadScheduled
,confirmOffloadFiles
,executeSql
,saveDirectDepositLimitSettings
,getAllSystemParameters
,scheduleSecondaryOffload
,queueLedgerOperationJob
,saveFraudSettings
,getNachaFilesForOffload
,processBulkDDLimitUpdates
,postToGems
,scheduleATFExtract
,getSUICreditsJobList
,createTORLedgerOperationJob
,getGemsMonthlyBalances
,getAvailableSUICreditTemplates
,getAllTransmissions
,saveSystemParameters
,getDirectDepositLimitSettings
,createSUICreditsJob
,getLedgerOperationJobs
,uploadLedgerOperationsFile
,getFraudSettings
,deleteLedgerOperationJob
com.intuit.sbd.payroll.psp.adapters.sap.adapter.BillingAdapter,cancelOfferForCompany
,addOfferingToCompany
,findOffers
,claimOfferWithExpirationForCompany
,findFeeDetail
com.intuit.sbd.payroll.psp.adapters.sap.adapter.BankReturnAdapter,saveBankReturnNote
,getBankReturnExtendedInfo
,findCompanyBankReturnsByComplexSearch
,findCompanyBankReturns
com.intuit.sbd.payroll.psp.adapters.sap.adapter.EmployeeAdapter,updateEmployeeComplianceData
,checkEmployeeBankAccountFraud
com.intuit.sbd.payroll.psp.adapters.sap.adapter.rtbAutomation.VMPAutomationAdapter,getAutomationJobList
com.intuit.sbd.payroll.psp.adapters.sap.adapter.rtbAutomation.RTBAutomationAdapter,getAutomationJobList
,getAutomationJobEnum
com.intuit.sbd.payroll.psp.adapters.sap.adapter.AdministrationAdapter,getMinSupportedQuickbooksVersion
com.intuit.sbd.payroll.psp.adapters.sap.adapter.AuthAdapter,login
,loginSSO
com.intuit.sbd.payroll.psp.adapters.sap.adapter.BillingAdapter,findOfferings
,getCurrentOffering
com.intuit.sbd.payroll.psp.adapters.sap.adapter.BillingHistoryAdapter,findBillingHistoryByDate
,findInvoiceDetails
,findBillingDetails
,findSymphonySubscriptionNumbers
,findBillingHistoryBySubscriptionAndDate
com.intuit.sbd.payroll.psp.adapters.sap.adapter.CompanyAdapter,search
,findCompany
,getCompanyCancellationInfo
,updateCompanyCancellationInfo
,getStrikeInfo
,getPayrollRunCount
,getBankReturnTransactionCount
,getPINInfo
,getFundingModelCd
,getActiveBankAccount
,isDebugLogging
,addCompanyNote
,removeCompanyNoteAlert
,getMostRecentAlertNote
,getLimitViolationEvents
,getCompanyBankAccountsHistory
,getEmployeeBankAccountHistory
,getVendorBankAccountHistory
,getEmployees
,getEmployee
,getCloudEmployees
,getVendors
,deactivateCompanyBankAccount
,"getCompanyDisplayStatus(java.lang.String, java.lang.String)"
,getCompanyStatus
,getCompanyBankAccount
,getBankVerificationLimit
,getRandomDebitTransactions
,isPendingRandomDebit
,findTransmissions
,findTransmissionById
,findTransmissionByIPAndDate
,getFraudEventTypes
,findCompanyNotes
,findManualNotes
,findCompanyEventGroups
,findCompanyEventCreators
,findCompanyEvents
,getRecentCompanyEvents
,resendEmail
,sendEmailToMtl
,findCompanyServiceStatusHistory
,getCompaniesByServiceSubstatuses
,getCompanyLegalInfo
,getCompanyContacts
,getTaxExemptStatus
,getServiceStatusList
,getServiceSubStatusList
,getFundingModelList
,getSourceSystemList
,findCurrentEINs
,findEntitlementUnits
,findCompaniesByEIN
,getLicenseFromOrderNumber
,hasActiveEINsForLicenseExceededMaxAllowed
,getEntitlementInfo
,getEntitlementUnits
,getPriceType
,getIndustryTypes
,"getAvailablePriceTypes(java.lang.String, java.lang.String)"
,getAvailablePriceTypes(java.lang.String)
,getAssistedOffer
,getAssetInfo
,getEntityChangeHistory
,getEntityChange
,getQuickbooksInfo
,getAvailableQuickBooksFileIds
,syncEntitlementUnitFromSourceSystems
,getWorkersCompServiceInfo
,getOfferByPriceType
,getOfferByItemNumber
,getOfferByCompanyKey
,checkIfOpenLedgerOperationFTsExist
com.intuit.sbd.payroll.psp.adapters.sap.adapter.EmployeeAdapter,getEmployeePaychecks
,getEmployeeHistory
,getEmployeeProfileHistory
,getEmployeeTaxabilityInfo
,getEmployeeComplianceData
,getEmployeeComplianceDataList
,updateEmployeeSeasonal
,findEmployeesByCriteria
,getEmployeeProfilePaycheckDetail
,getEmployeeProfileQTDYTDDetails
com.intuit.sbd.payroll.psp.adapters.sap.adapter.PayrollRunAdapter,findPaychecks
,findPItems
,findPayrollRunsByDate
,findPayrollRunBalanceDue
,"findPayrollRun(java.lang.String, java.lang.String, java.lang.String)"
,findPayrollRunByPayrollRunId
,findEmployeeTransactions
,findVendorTransactions
,findIntuitTransactions
,findEmployerTransactions
,findAgencyTransactions
,findERPayableRefundTransactions
,getLedgerAccountBalance
,addFeeRedebitTransaction
,findCompanyBalance
,findPayrollTransactionById
,findMoneyMovementTransactions
,findAchDetailTransactions
,getAllPayrollRunActions
,getTransactionTypeList
com.intuit.sbd.payroll.psp.adapters.sap.adapter.PropertyAuditAdapter,getNotificationEmailHistory
,getFundingModelHistory
,getEmployeeDDLimitHistory
,getPayeeDDLimitHistory
,getCompanyDDLimitHistory
,getCompanyBankAccountPropertyAudit
,getQuickBooksPropertyAudits
,getW2PrintingPreferenceHistory
com.intuit.sbd.payroll.psp.adapters.sap.adapter.PSPSystemInformationAdapter,getSystemInformation
com.intuit.sbd.payroll.psp.adapters.sap.adapter.ReportAdapter,deleteGeneratedReport
com.intuit.sbd.payroll.psp.adapters.sap.adapter.RTBAdapter,getQueryConsoleIksUrl
com.intuit.sbd.payroll.psp.adapters.sap.adapter.TaxAdapter,getAgencyList
,getCompanyAgencyTemplates
,findEmployeeLedgerItems
,getEftpsEnrollmentsHistory
,getLawAmounts
,getRAFEnrollmentsByStatusAndCompany
,getRAFEnrollmentsHistory
,findEnrollmentFiles
,getACHEnrollmentQuarters
,getPaymentMethodsHistory
,getStatusHistoryData
,getHoldsHistoryData
,getPaymentsPayDateAuditHistory
,getPaymentAmountDetails
,getNextInitiationDate
,getOffloadDate
,getPaymentMethodAuditHistory
,getValidPaymentMethods
,getValidPaymentMethodsByTemplate
,getQBDTTokens
,findCompanyLaws
com.intuit.sbd.payroll.psp.adapters.sap.adapter.TaxCreditsAdapter,find9061Forms
com.intuit.sbd.payroll.psp.adapters.sap.adapter.UserAdapter,sapLogout
,getAllUsersByOperation
,updateUserData
,addNewRole
,updatePreference
,updatePreferences
,getUserSettings
,resetSettings
,unlockUser
com.intuit.sbd.payroll.psp.adapters.sap.adapter.rtbAutomation.RTBAutomationAdapter,duplicateEmployee
,findEmployeeName
,findCompanyName
,findPitemName
,duplicatePitem
com.intuit.sbd.payroll.psp.adapters.sap.adapter.rtbAutomation.VMPAutomationAdapter,updateRealmId
com.intuit.sbd.payroll.psp.adapters.sap.adapter.PayrollRunAdapter,findLedgerAccounts
com.intuit.sbd.payroll.psp.adapters.sap.adapter.AdministrationAdapter,uploadLedgerOperationsFile
com.intuit.ems.dataservice.v4.provider.UserProvider,getEntity
com.intuit.ems.dataservice.v4.provider.UserEmployerProvider,getEntity
com.intuit.ems.dataservice.v4.provider.PayslipProvider,getEntity
com.intuit.ems.dataservice.v4.provider.EmployeeTimeOffPolicyProvider,getEntity
com.intuit.ems.dataservice.v4.provider.EmployeeTimeOffPolicyProvider,getEntityList
com.intuit.ems.dataservice.v1.resource.UserResource,getForRealm
com.intuit.ems.dataservice.v1.resource.UserResource,getEmployeePreferencesByApp
com.intuit.ems.dataservice.v1.resource.UserResource,updateEmployeePreferences
com.intuit.sbd.payroll.psp.adapters.cdmadapter.workerscomp.resource.CompanyResource,getCompaniesByEIN
com.intuit.sbd.payroll.psp.adapters.cdmadapter.workerscomp.resource.CompanyResource,getCompanyByEINAndSubsNum
com.intuit.sbd.payroll.psp.adapters.ews.v1_10.webservices.EWSAdapter,Deactivate_Entitlement
com.intuit.sbd.payroll.psp.adapters.ews.v1_10.webservices.EWSAdapter,Check_EIN_Service_Eligibility
com.intuit.sbd.payroll.psp.adapters.ews.v1_10.webservices.EWSAdapter,Query_Service_Key
com.intuit.sbd.payroll.psp.adapters.ews.v1_10.webservices.EWSAdapter,Migrate_Entitlement
com.intuit.sbd.payroll.psp.adapters.ews.v1_10.webservices.EWSAdapter,Create_Pin
com.intuit.sbd.payroll.psp.adapters.ews.v1_10.webservices.EWSAdapter,Authenticate_Pin
com.intuit.sbd.payroll.psp.adapters.ews.v1_10.webservices.EWSAdapter,Update_Pin
com.intuit.sbd.payroll.psp.adapters.ews.v1_10.webservices.EWSAdapter,Validate_Bank
com.intuit.sbd.payroll.psp.adapters.ews.v1_10.webservices.EWSAdapter,Update_Bank
com.intuit.sbd.payroll.psp.adapters.ews.v1_10.webservices.EWSAdapter,Reset_Pin
com.intuit.sbd.payroll.psp.adapters.ews.v1_10.webservices.EWSAdapter,Add_Service
com.intuit.sbd.payroll.psp.adapters.ews.v1_10.webservices.EWSAdapter,Create_Account
com.intuit.sbd.payroll.psp.adapters.ews.v1_10.webservices.EWSAdapter,Deactivate_Service
com.intuit.sbd.payroll.psp.adapters.ews.v1_10.webservices.EWSAdapter,Query_Account
com.intuit.sbd.payroll.psp.adapters.ews.v1_10.webservices.EWSAdapter,Update_Account
com.intuit.sbd.payroll.psp.adapters.ews.v1_10.webservices.EWSAdapter,Validate_Subscription
com.intuit.sbd.payroll.psp.adapters.ews.v1_10.webservices.EWSAdapter,Query_Offer
com.intuit.sbd.payroll.psp.adapters.ews.v1_10.webservices.EWSAdapter,Query_Subscriptions
com.intuit.sbd.payroll.psp.adapters.ews.v1_10.webservices.EWSAdapter,QueryPayrollStatus
com.intuit.sbd.payroll.psp.adapters.ews.v1_10.webservices.EWSAdapter,Update_Billing_Details
com.intuit.sbd.payroll.psp.adapters.ews.v1_10.webservices.EWSAdapter,Query_Industry_Types
com.intuit.sbd.payroll.psp.adapters.ptc.webservices.PTCWebServices,validatePIN
com.intuit.sbd.payroll.psp.adapters.ptc.webservices.PTCWebServices,isActiveOnService
com.intuit.sbd.payroll.psp.adapters.ptc.webservices.PTCWebServices,getPSIDForEIN
com.intuit.sbd.payroll.psp.adapters.ptc.webservices.PTCWebServices,isEligibleForCancelForms
com.intuit.sbd.payroll.psp.adapters.ptc.webservices.PTCWebServices,getW2PrintingPreference
com.intuit.sbd.payroll.psp.adapters.ptc.webservices.PTCWebServices,updateW2PrintingPreference
com.intuit.sbd.payroll.psp.adapters.ptc.webservices.PTCWebServices,getLegalInfo
com.intuit.sbd.payroll.psp.adapters.ptc.webservices.PTCWebServices,getEmployeeInfo
com.intuit.sbd.payroll.psp.adapters.ptc.webservices.PTCWebServices,getW2ServiceChargePrice
com.intuit.sbd.payroll.psp.adapters.qbdt.QBDTPegServlet,doPost
com.intuit.sbd.payroll.psp.adapters.qbdtws.webservices.QBPayrollWebServices,SubmitPayroll
com.intuit.sbd.payroll.psp.adapters.dis.v1_8.DISAdapter,Query_FinancialTransactions
com.intuit.sbd.payroll.psp.adapters.dis.v1_8.DISAdapter,Update_RefundEmployerFinancialTransaction
com.intuit.sbd.payroll.psp.adapters.dis.v1_8.DISAdapter,Update_RebillEmployerFinancialTransaction
com.intuit.sbd.payroll.psp.adapters.dis.v1_8.DISAdapter,Query_SAPCompany
com.intuit.sbd.payroll.psp.adapters.dis.v1_8.DISAdapter,Query_CompanyPayrolls
com.intuit.sbd.payroll.psp.adapters.dis.v1_8.DISAdapter,Query_EmployerFinancialTransactions
com.intuit.sbd.payroll.psp.adapters.dis.v1_8.DISAdapter,Query_UpdatedCompanies
com.intuit.sbd.payroll.psp.adapters.dis.v1_8.DISAdapter,Query_LawRateHistory
com.intuit.sbd.payroll.psp.adapters.dis.v1_8.DISAdapter,Query_DepositFrequencyHistory
com.intuit.sbd.payroll.psp.adapters.dis.v1_8.DISAdapter,Query_PaymentMethodHistory
com.intuit.sbd.payroll.psp.adapters.dis.v1_8.DISAdapter,Query_GetAgencyRules
com.intuit.sbd.payroll.psp.adapters.dis.v1_8.DISAdapter,Query_CompanyAgenciesYearInfo
com.intuit.sbd.payroll.psp.adapters.dis.v1_8.DISAdapter,Query_CompanyCourtesyFeeRefunds
com.intuit.sbd.payroll.psp.adapters.dis.v1_8.DISAdapter,Query_QueryCompanyEmployeesWihPaycheckCount
com.intuit.sbd.payroll.psp.adapters.dis.v1_8.DISAdapter,Query_CompanyLatestPayrollDates
com.intuit.sbd.payroll.psp.adapters.dis.v1_8.DISAdapter,Query_CompanyEvent
com.intuit.sbd.payroll.psp.adapters.dis.v1_8.DISAdapter,Query_CompanyPaymentTemplates
com.intuit.sbd.payroll.psp.adapters.dis.v1_8.DISAdapter,Update_CompanyTaxRate
com.intuit.sbd.payroll.psp.adapters.dis.v1_8.DISAdapter,Update_CompanyAgencyId
com.intuit.sbd.payroll.psp.adapters.dis.v1_8.DISAdapter,Update_CompanyFilingFrequency
com.intuit.sbd.payroll.psp.adapters.dis.v1_8.DISAdapter,Update_CreatePenaltiesAndInterestRefunds
com.intuit.sbd.payroll.psp.adapters.dis.v1_8.DISAdapter,Authenticate
com.intuit.sbd.payroll.psp.adapters.brm.webservices.BRMWebServices,getUsageBillingEmployeeDetails
com.intuit.sbd.payroll.psp.adapters.qbdtws.webservices.BillPaymentWebServices,SendPaymentsToPayees
,VoidPayments
,QueryPaymentStatus
com.intuit.psp.payroll.api.resource.privileged.PrivilegedEmployer,getPayeeId
,getEmployeeId
,getPrivilegedEmployerBankAccount
,getPriviledgedEmployer
com.intuit.psp.payroll.api.resource.Employer,getEmployerInfoForCompanyName
,getEmployerByFedTaxId
,getEmployersByRealm
,ddLimitsUpdate
,getCompanyTaxPayment
,getEmployers
,getEmployerStrikes
,getEmployer
,getCompanySettings
,associateRealmIdToPSID
,eligibleCheckForDDActivation
,getEmployerInfoByRealms
,getEmployerByFEIN
,syncMoneyMovementAccount
,getEmployerGrants
com.intuit.psp.payroll.api.resource.SubscriptionDetails,getSubscriptionDetails
com.intuit.psp.payroll.api.resource.datamanager.DataManagerResource,findMydata
,dgDeleteData
com.intuit.psp.payroll.api.resource.IVRResource,getCustomerAccounts
com.intuit.psp.payroll.api.resource.VMPEmployeeResource,getEmployeesWithConsumerRealmId
,updateConsumerRealmId
,getEmployees
,updateVMPInvite
com.intuit.psp.payroll.api.resource.EmployerDdDebitStatusResource,getDDLimit
,getDDStatus
com.intuit.psp.payroll.api.resource.ConsentResource,postConsentData
com.intuit.psp.payroll.api.resource.EmployeeBankAccountChangeResource,createBankAccountChangeResource
com.intuit.psp.payroll.api.resource.HealthCheckApi,checkHealth
,checkHealthFull
com.intuit.psp.payroll.api.resource.SMSValidationResource,updatePSPCompanyDtoFromPaymentsAccount
,isPartOfRealm
,getSmsMigrationStatus
com.intuit.psp.payroll.api.resource.EmployeeResource,getEmployeesOptionalEmployeeId
,getEmployees
com.intuit.psp.payroll.api.resource.QuickbooksResource,getQuickbooksInfo
com.intuit.psp.payroll.api.resource.FeinConsentResource,getWcConsentInfo
,createWcConsentInfo
com.intuit.psp.papprs.employerTaxSetup.resource.EmployerTaxSetupResource,getEmployerTaxSetup
com.intuit.psp.papprs.employee.resource.EmployeeResource,getEmployeePaySchedule
com.intuit.psp.papprs.companyinfo.resource.CompanyInfoResource,getCompanyInfo
com.intuit.psp.papprs.payslip.resource.PeriodAggregationResource,getPayslipAggregationByPeriod
com.intuit.psp.papprs.paycheck.resource.PaycheckResource,getPaychecks
com.intuit.psp.papprs.employee.resource.EmployeeContractResource,getEmployee
com.intuit.psp.papprs.payslip.resource.PayslipResource,getPayDetailInformation
com.intuit.sbd.payroll.psp.jss.ATFDataExtract.ATFDataExtractProcessor$ArchiveFilesToS3,execute
com.intuit.sbd.payroll.psp.jss.ATFDataExtract.ATFDataExtractProcessor$CompanyInfoExtractStep,execute
com.intuit.sbd.payroll.psp.jss.ATFDataExtract.ATFDataExtractProcessor$CompanyLiabilitiesExtractStep,execute
com.intuit.sbd.payroll.psp.jss.ATFDataExtract.ATFDataExtractProcessor$CompanyPaymentsExtractStep,execute
com.intuit.sbd.payroll.psp.jss.ATFDataExtract.ATFDataExtractProcessor$CompanyPayrollItemExtractStep,execute
com.intuit.sbd.payroll.psp.jss.ATFDataExtract.ATFDataExtractProcessor$CompanyTaxExtractStep,execute
com.intuit.sbd.payroll.psp.jss.ATFDataExtract.ATFDataExtractProcessor$CompanyTaxRateExtractStep,execute
com.intuit.sbd.payroll.psp.jss.ATFDataExtract.ATFDataExtractProcessor$CreateFilingsSpecificTransactionsStep,execute
com.intuit.sbd.payroll.psp.jss.ATFDataExtract.ATFDataExtractProcessor$CreateNewATFExtractBatchStep,execute
com.intuit.sbd.payroll.psp.jss.ATFDataExtract.ATFDataExtractProcessor$DepositFrequencyExtractStep,execute
com.intuit.sbd.payroll.psp.jss.ATFDataExtract.ATFDataExtractProcessor$EmployeeInfoExtractStep,execute
com.intuit.sbd.payroll.psp.jss.ATFDataExtract.ATFDataExtractProcessor$EmployeeQuarterlyTotalsExtractStep,execute
com.intuit.sbd.payroll.psp.jss.ATFDataExtract.ATFDataExtractProcessor$FTPFilesToTFSStep,execute
com.intuit.sbd.payroll.psp.jss.ATFDataExtract.ATFDataExtractProcessor$JobInfo,execute
com.intuit.sbd.payroll.psp.jss.ATFDataExtract.ATFDataExtractProcessor$RemoteServerType,execute
com.intuit.sbd.payroll.psp.jss.ATFDataExtract.ATFDataExtractProcessor$W2CountsExtractStep,execute
com.intuit.sbd.payroll.psp.jss.ATFDataExtract.ATFDataExtractProcessor$WageLimitsExtractStep,execute
com.intuit.sbd.payroll.psp.jss.ATFDataExtract.ATFDataExtractProcessor$WaitForConcurrentJobs,execute
com.intuit.sbd.payroll.psp.jss.ATFDataExtract.BaseATFExtractFileProcess$ExtractFileStep,execute
com.intuit.sbd.payroll.psp.jss.ATFDataExtract.EmployeeTotalsCalculationProcess$EETotalsJobIsComplete,execute
com.intuit.sbd.payroll.psp.jss.ATFDataExtract.EmployeeTotalsCalculationProcess$ExecuteEETotalsBackdateMode,execute
com.intuit.sbd.payroll.psp.jss.ATFDataExtract.EmployeeTotalsCalculationProcess$ExecuteEETotalsFlushMode,execute
com.intuit.sbd.payroll.psp.jss.ATFDataExtract.EmployeeTotalsCalculationProcess$ExecuteEETotalsUpdateMode,execute
com.intuit.sbd.payroll.psp.jss.monitors.AchDebitOffloadMonitor,execute
com.intuit.sbd.payroll.psp.jss.monitors.AchOffloadCompleteMonitor,execute
com.intuit.sbd.payroll.psp.jss.monitors.AchOffloadMonitor$PerformFinalOffloadChecks,execute
com.intuit.sbd.payroll.psp.jss.monitors.AchOffloadMonitor$PerformFinalOffloadChecksDelay,execute
com.intuit.sbd.payroll.psp.jss.monitors.AchOffloadMonitor$VerifyAchFileCreationCompleted,execute
com.intuit.sbd.payroll.psp.jss.monitors.AchOffloadMonitor$VerifyAchFileCreationCompletedDelay,execute
com.intuit.sbd.payroll.psp.jss.monitors.AchOffloadMonitor$VerifyAchFileCreationStarted,execute
com.intuit.sbd.payroll.psp.jss.monitors.AchOffloadMonitor$VerifyAchFileCreationStartedDelay,execute
com.intuit.sbd.payroll.psp.jss.monitors.AchOffloadMonitor$VerifyAchFileSendComplete,execute
com.intuit.sbd.payroll.psp.jss.monitors.AchOffloadMonitor$VerifyAchFileSendCompleteDelay,execute
com.intuit.sbd.payroll.psp.jss.monitors.AchOffloadMonitor$VerifyAchFileSendStarted,execute
com.intuit.sbd.payroll.psp.jss.monitors.AchOffloadMonitor$VerifyAchFileSendStartedDelay,execute
com.intuit.sbd.payroll.psp.jss.monitors.AchOffloadMonitor$VerifyDicrFileReceived,execute
com.intuit.sbd.payroll.psp.jss.monitors.AchOffloadMonitor$VerifyDicrFileReceivedDelay,execute
com.intuit.sbd.payroll.psp.jss.monitors.AchReturnsMonitor,execute
com.intuit.sbd.payroll.psp.jss.monitors.AchTaxPaymentOffloadMonitor,execute
com.intuit.sbd.payroll.psp.jss.monitors.AchTransactionsMonitor,execute
com.intuit.sbd.payroll.psp.jss.monitors.AchZeroPaymentsMonitor,execute
com.intuit.sbd.payroll.psp.jss.monitors.AMOMessageProcessorMonitor,execute
com.intuit.sbd.payroll.psp.jss.monitors.AnnualBillingMonitor,execute
com.intuit.sbd.payroll.psp.jss.monitors.CheckPrintMonitor,execute
com.intuit.sbd.payroll.psp.jss.monitors.EdiPaymentMonitor,execute
com.intuit.sbd.payroll.psp.jss.monitors.EdiResponseMonitor,execute
com.intuit.sbd.payroll.psp.jss.monitors.EdiSendMonitor,execute
com.intuit.sbd.payroll.psp.jss.monitors.EftpsEnrollmentsAgeOutMonitor,execute
com.intuit.sbd.payroll.psp.jss.monitors.EftpsEnrollmentsMonitor,execute
com.intuit.sbd.payroll.psp.jss.monitors.EftpsPaymentMonitor,execute
com.intuit.sbd.payroll.psp.jss.monitors.EftpsResponseMonitor,execute
com.intuit.sbd.payroll.psp.jss.monitors.EftpsSendMonitor,execute
com.intuit.sbd.payroll.psp.jss.monitors.EmailGatewayMonitor,execute
com.intuit.sbd.payroll.psp.jss.monitors.EmployeeTotalsCalculationMonitor,execute
com.intuit.sbd.payroll.psp.jss.monitors.EMSBSToBRMDataSyncProcessorMonitor,execute
com.intuit.sbd.payroll.psp.jss.monitors.EnrollmentDeleteSelectionMonitor,execute
com.intuit.sbd.payroll.psp.jss.monitors.EntitlementProcessorMonitor,execute
com.intuit.sbd.payroll.psp.jss.monitors.EoqSUIAdjustmentsMonitor,execute
com.intuit.sbd.payroll.psp.jss.monitors.FraudPayrollsMonitor,execute
com.intuit.sbd.payroll.psp.jss.monitors.FsetFilingMonitor,execute
com.intuit.sbd.payroll.psp.jss.monitors.FsetResponseMonitor,execute
com.intuit.sbd.payroll.psp.jss.monitors.GemsAccountsReceivableMonitor,execute
com.intuit.sbd.payroll.psp.jss.monitors.GemsGeneralLedgerMonitor,execute
com.intuit.sbd.payroll.psp.jss.monitors.GemsGeneralLedgerUploadMonitor,execute
com.intuit.sbd.payroll.psp.jss.monitors.IamEmailAddressMonitor,execute
com.intuit.sbd.payroll.psp.jss.monitors.IOPDataSyncMonitor,execute
com.intuit.sbd.payroll.psp.jss.monitors.IRSDepositFrequencyFileProcessorMonitor,execute
com.intuit.sbd.payroll.psp.jss.monitors.JPMCDDScreening.AMLReportMonitor,execute
com.intuit.sbd.payroll.psp.jss.monitors.JPMCDDScreening.IndustryReportMonitor,execute
com.intuit.sbd.payroll.psp.jss.monitors.JPMCDDScreening.OFACReportMonitor,execute
com.intuit.sbd.payroll.psp.jss.monitors.JPMCDDScreening.TPSUReportMonitor,execute
com.intuit.sbd.payroll.psp.jss.monitors.LedgerBalanceMonitor,execute
com.intuit.sbd.payroll.psp.jss.monitors.MissedPayrollsMonitor$MissedPayrollsMonitorProcessorStep,execute
com.intuit.sbd.payroll.psp.jss.monitors.MissedTransactionsMonitor$MissedTransactionsMonitorProcessorStep,execute
com.intuit.sbd.payroll.psp.jss.monitors.MonthlyFeeMonitor,execute
com.intuit.sbd.payroll.psp.jss.monitors.NightlyBatchJobsMonitor,execute
com.intuit.sbd.payroll.psp.jss.monitors.OffloadedTransactionsEventsMonitor,execute
com.intuit.sbd.payroll.psp.jss.monitors.PrimaryAchOffloadMonitor,execute
com.intuit.sbd.payroll.psp.jss.monitors.PrimaryDailyBatchJobsMonitor,execute
com.intuit.sbd.payroll.psp.jss.monitors.PrintedCheckBatchMonitor,execute
com.intuit.sbd.payroll.psp.jss.monitors.ReconPlusMonitor,execute
com.intuit.sbd.payroll.psp.jss.monitors.SalesTaxExceptionMonitor,execute
com.intuit.sbd.payroll.psp.jss.monitors.ScheduledDailyBatchJobsMonitor,execute
com.intuit.sbd.payroll.psp.jss.monitors.SendMonthlyDataToTFSMonitor,execute
com.intuit.sbd.payroll.psp.jss.monitors.StateReportMonitor,execute
com.intuit.sbd.payroll.psp.jss.monitors.TaxCreditsEchoSignSyncMonitor,execute
com.intuit.sbd.payroll.psp.jss.monitors.ThirdParty401kOffloadMonitor,execute
com.intuit.sbd.payroll.psp.jss.monitors.ThirdParty401kValidationMonitor,execute
com.intuit.sbd.payroll.psp.jss.monitors.WorkersCompMonitor,execute
com.intuit.sbd.payroll.psp.jss.processors.AccountServiceSyncExceptionProcessor$RetrySyncForFailedCompanies,execute
com.intuit.sbd.payroll.psp.jss.processors.AchDebitOffloadProcessor$CreateNYDTFPaymentsFileStep,execute
com.intuit.sbd.payroll.psp.jss.processors.AchDebitOffloadProcessor$OffloadATFFinalizedPaymentsStep,execute
com.intuit.sbd.payroll.psp.jss.processors.AchDebitOffloadProcessor$SendNYDTFPaymentsFileStep,execute
com.intuit.sbd.payroll.psp.jss.processors.ACHDeEnrollmentProcessor$ArchiveACHEnrollmentFilesStep,execute
com.intuit.sbd.payroll.psp.jss.processors.ACHDeEnrollmentProcessor$ProcessDeleteRequests,execute
com.intuit.sbd.payroll.psp.jss.processors.ACHDeEnrollmentProcessor$TransmitPendingTransmissionFilesStep,execute
com.intuit.sbd.payroll.psp.jss.processors.ACHEnrollmentProcessor$ArchiveACHEnrollmentFilesStep,execute
com.intuit.sbd.payroll.psp.jss.processors.ACHEnrollmentProcessor$ProcessAddRequests,execute
com.intuit.sbd.payroll.psp.jss.processors.ACHEnrollmentProcessor$TransmitPendingTransmissionFilesStep,execute
com.intuit.sbd.payroll.psp.jss.processors.ACHEnrollmentResponseProcessor$ProcessResponseFilesStep,execute
com.intuit.sbd.payroll.psp.jss.processors.ACHTraceIdProcessor$ArchiveACHTraceIdFile,execute
com.intuit.sbd.payroll.psp.jss.processors.ACHTraceIdProcessor$DownloadACHTraceIdFile,execute
com.intuit.sbd.payroll.psp.jss.processors.ACHTraceIdProcessor$ParseAndPersistData,execute
com.intuit.sbd.payroll.psp.jss.processors.AchZeroPaymentsProcessor$ProcessZeroPaymentsStep,execute
com.intuit.sbd.payroll.psp.jss.processors.AMOMessageProcessor$ProcessNewAMOMessagesStep,execute
com.intuit.sbd.payroll.psp.jss.processors.AMOMessageProcessor$ProcessSavedAMOMessagesStep,execute
com.intuit.sbd.payroll.psp.jss.processors.AnnualBillingProcessor$AnnualBillingStep,execute
com.intuit.sbd.payroll.psp.jss.processors.AssistedUsageDataSyncProcessor$ProcessAssistedUsagePayrollRunEvents,execute
com.intuit.sbd.payroll.psp.jss.processors.AssistedUsageReportingToBRMProcessor$GenerateAssistedUsageToBRMDataSyncFile,execute
com.intuit.sbd.payroll.psp.jss.processors.AssistedUsageReportingToBRMProcessor$UploadAssistedUsageBRMDataSyncFile,execute
com.intuit.sbd.payroll.psp.jss.processors.BRMUsageErrorFileProcessor$DownloadUsageErrorFile,execute
com.intuit.sbd.payroll.psp.jss.processors.BRMUsageErrorFileProcessor$ProcessUsageErrorFile,execute
com.intuit.sbd.payroll.psp.jss.processors.BRMUsageErrorFileProcessor$UploadUsageErrorFile,execute
com.intuit.sbd.payroll.psp.jss.processors.BulkWorkforceInviteProcessor$ProcessBulkWorkforceInvite,execute
com.intuit.sbd.payroll.psp.jss.processors.CheckPrintProcessor$ProcessManualChecks,execute
com.intuit.sbd.payroll.psp.jss.processors.ComplianceToolKitProcessor,execute
com.intuit.sbd.payroll.psp.jss.processors.DailyBatchJobsProcessor$AchOffloadType,execute
com.intuit.sbd.payroll.psp.jss.processors.DailyBatchJobsProcessor$ArchiveDailyFiles,execute
com.intuit.sbd.payroll.psp.jss.processors.DailyBatchJobsProcessor$CreateAchFiles,execute
com.intuit.sbd.payroll.psp.jss.processors.DailyBatchJobsProcessor$CreateTransactionOffloadedEvents,execute
com.intuit.sbd.payroll.psp.jss.processors.DailyBatchJobsProcessor$DownloadDicrFiles,execute
com.intuit.sbd.payroll.psp.jss.processors.DailyBatchJobsProcessor$DownloadDicrFilesDelayPeriod,execute
com.intuit.sbd.payroll.psp.jss.processors.DailyBatchJobsProcessor$GemsAccountsReceivableProcessor,execute
com.intuit.sbd.payroll.psp.jss.processors.DailyBatchJobsProcessor$InsertFinancialTransactionState,execute
com.intuit.sbd.payroll.psp.jss.processors.DailyBatchJobsProcessor$MissedPayrollProcessor,execute
com.intuit.sbd.payroll.psp.jss.processors.DailyBatchJobsProcessor$MissedTransactionProcessor,execute
com.intuit.sbd.payroll.psp.jss.processors.DailyBatchJobsProcessor$NotifyAchOffloadComplete,execute
com.intuit.sbd.payroll.psp.jss.processors.DailyBatchJobsProcessor$NotifyAchOffloadStarted,execute
com.intuit.sbd.payroll.psp.jss.processors.DailyBatchJobsProcessor$OffloadAchData,execute
com.intuit.sbd.payroll.psp.jss.processors.DailyBatchJobsProcessor$ScheduleSalesTaxExceptionProcessor,execute
com.intuit.sbd.payroll.psp.jss.processors.DailyBatchJobsProcessor$UpdateFinancialTransaction,execute
com.intuit.sbd.payroll.psp.jss.processors.DailyBatchJobsProcessor$UpdateMoneyMovementTransaction,execute
com.intuit.sbd.payroll.psp.jss.processors.DailyBatchJobsProcessor$UpdatePayrollStatus,execute
com.intuit.sbd.payroll.psp.jss.processors.DailyBatchJobsProcessor$UpdateTaxPaymentsAgencyStatus,execute
com.intuit.sbd.payroll.psp.jss.processors.DailyBatchJobsProcessor$UploadAchFiles,execute
com.intuit.sbd.payroll.psp.jss.processors.EdiPaymentProcessor$GeneratePaymentFileStep,execute
com.intuit.sbd.payroll.psp.jss.processors.EdiPaymentProcessor$MarkPaymentsAsProcessingStep,execute
com.intuit.sbd.payroll.psp.jss.processors.EdiPaymentProcessor$MarkPaymentsAsSent,execute
com.intuit.sbd.payroll.psp.jss.processors.EdiPaymentProcessor$RecordPaymentEvents,execute
com.intuit.sbd.payroll.psp.jss.processors.EdiResponseProcessor$ArchiveProcessedFiles,execute
com.intuit.sbd.payroll.psp.jss.processors.EdiResponseProcessor$PreProcessWaitingResponseFiles,execute
com.intuit.sbd.payroll.psp.jss.processors.EdiResponseProcessor$ProcessWaitingResponseFiles,execute
com.intuit.sbd.payroll.psp.jss.processors.EdiResponseProcessor$TransmitAS400Files,execute
com.intuit.sbd.payroll.psp.jss.processors.EdiSendProcessor$ArchiveProcessedFiles,execute
com.intuit.sbd.payroll.psp.jss.processors.EdiSendProcessor$ProcessPendingTransmissions,execute
com.intuit.sbd.payroll.psp.jss.processors.EftpsEnrollmentsAgeOutProcessor$ProcessEftpsEnrollmentsAgeOut,execute
com.intuit.sbd.payroll.psp.jss.processors.EftpsEnrollmentsProcessor$ProcessEftpsEnrollments,execute
com.intuit.sbd.payroll.psp.jss.processors.EftpsPaymentProcessor$Generate100kPaymentFile,execute
com.intuit.sbd.payroll.psp.jss.processors.EftpsPaymentProcessor$GenerateNextDayPaymentFile,execute
com.intuit.sbd.payroll.psp.jss.processors.EftpsPaymentProcessor$GeneratePaymentFile,execute
com.intuit.sbd.payroll.psp.jss.processors.EftpsPaymentProcessor$InitiateRepayment,execute
com.intuit.sbd.payroll.psp.jss.processors.EftpsPaymentProcessor$Mark100kPaymentsAsProcessing,execute
com.intuit.sbd.payroll.psp.jss.processors.EftpsPaymentProcessor$Mark100kPaymentsAsSent,execute
com.intuit.sbd.payroll.psp.jss.processors.EftpsPaymentProcessor$MarkNextDayPaymentsAsProcessing,execute
com.intuit.sbd.payroll.psp.jss.processors.EftpsPaymentProcessor$MarkNextDayPaymentsAsSent,execute
com.intuit.sbd.payroll.psp.jss.processors.EftpsPaymentProcessor$MarkPaymentsAsProcessing,execute
com.intuit.sbd.payroll.psp.jss.processors.EftpsPaymentProcessor$MarkPaymentsAsSent,execute
com.intuit.sbd.payroll.psp.jss.processors.EftpsPaymentProcessor$Record100kPaymentEvents,execute
com.intuit.sbd.payroll.psp.jss.processors.EftpsPaymentProcessor$RecordNextDayPaymentEvents,execute
com.intuit.sbd.payroll.psp.jss.processors.EftpsPaymentProcessor$RecordPaymentEvents,execute
com.intuit.sbd.payroll.psp.jss.processors.EftpsResponseProcessor$ArchiveProcessedFiles,execute
com.intuit.sbd.payroll.psp.jss.processors.EftpsResponseProcessor$DownloadFileFromS3,execute
com.intuit.sbd.payroll.psp.jss.processors.EftpsResponseProcessor$ProcessWaitingResponseFiles,execute
com.intuit.sbd.payroll.psp.jss.processors.EftpsResponseProcessor$TransmitAS400Files,execute
com.intuit.sbd.payroll.psp.jss.processors.EftpsSendProcessor$ProcessAS400Files,execute
com.intuit.sbd.payroll.psp.jss.processors.EftpsSendProcessor$ProcessPendingTransmissions,execute
com.intuit.sbd.payroll.psp.jss.processors.EmailGatewayProcessor$ProcessEmails,execute
com.intuit.sbd.payroll.psp.jss.processors.EmployeePayrollItemCalculationProcess$ExecuteEEPayrollItemTotalsForCompanyAndQuarter,execute
com.intuit.sbd.payroll.psp.jss.processors.EmployeePayrollItemCalculationProcess$ExecuteEEPayrollItemTotalsForQuarter,execute
com.intuit.sbd.payroll.psp.jss.processors.EmployeePayrollItemCalculationProcess$ExecuteEEPayrollItemTotalsForYear,execute
com.intuit.sbd.payroll.psp.jss.processors.EmployeeW2TotalsCalculationProcessor$CalculateW2Totals,execute
com.intuit.sbd.payroll.psp.jss.processors.EMSBSToBRMDataSyncProcessor$GenerateEMSBSToBRMDataSyncFile,execute
com.intuit.sbd.payroll.psp.jss.processors.EMSBSToBRMDataSyncProcessor$UploadEMSBSToBRMDataSyncFile,execute
com.intuit.sbd.payroll.psp.jss.processors.EnrollmentDeleteSelectionProcessor$SelectACHEnrollmentsForDelete,execute
com.intuit.sbd.payroll.psp.jss.processors.EnrollmentDeleteSelectionProcessor$SelectRAFEnrollmentsForDelete,execute
com.intuit.sbd.payroll.psp.jss.processors.EnrollmentDeleteSelectionProcessor$WriteMonthlyEnrollmentReport,execute
com.intuit.sbd.payroll.psp.jss.processors.EntitlementProcessor$EntitlementActivationStep,execute
com.intuit.sbd.payroll.psp.jss.processors.EntitlementProcessor$EntitlementDisableStep,execute
com.intuit.sbd.payroll.psp.jss.processors.EntitlementProcessor$EntitlementUnitDeactivationStep,execute
com.intuit.sbd.payroll.psp.jss.processors.EntityInitialLoadProcessor$CompanyEntityProcessor,execute
com.intuit.sbd.payroll.psp.jss.processors.entitylistener.EntityEventProcessor$EntityEventPublish,execute
com.intuit.sbd.payroll.psp.jss.processors.entitylistener.EntityEventRetryProcessor$EntityEventRetryPublish,execute
com.intuit.sbd.payroll.psp.jss.processors.EoqSUIAdjustmentsProcessor$EoqEmailStep,execute
com.intuit.sbd.payroll.psp.jss.processors.EoqSUIAdjustmentsProcessor$EoqSUITaxAdjustmnentsStep,execute
com.intuit.sbd.payroll.psp.jss.processors.EoqSUIAdjustmentsProcessor$LiabilityAdjustmentsCleanupStep,execute
com.intuit.sbd.payroll.psp.jss.processors.EoqSUIAdjustmentsProcessor$SUIRatePaymentsCleanupStep,execute
com.intuit.sbd.payroll.psp.jss.processors.EVSCompanyProcessor$CompanyEntityProcessor,execute
com.intuit.sbd.payroll.psp.jss.processors.FraudPayrollsProcessor$ProcessFraudPayrolls,execute
com.intuit.sbd.payroll.psp.jss.processors.FsetFilingProcessor$ArchiveFsetFilesStep,execute
com.intuit.sbd.payroll.psp.jss.processors.FsetFilingProcessor$GenerateFsetReturnFileStep,execute
com.intuit.sbd.payroll.psp.jss.processors.FsetFilingProcessor$TransmitPendingTransmissionFilesStep,execute
com.intuit.sbd.payroll.psp.jss.processors.FsetResponseProcessor$ArchiveFsetFilesStep,execute
com.intuit.sbd.payroll.psp.jss.processors.FsetResponseProcessor$CheckForResponseFilesStep,execute
com.intuit.sbd.payroll.psp.jss.processors.FsetResponseProcessor$ProcessFsetResponseFileStep,execute
com.intuit.sbd.payroll.psp.jss.processors.GemsAccountsReceivableProcessor$ArchiveGemsAccountsReceivableFile,execute
com.intuit.sbd.payroll.psp.jss.processors.GemsAccountsReceivableProcessor$CreateGemsAccountsReceivableFile,execute
com.intuit.sbd.payroll.psp.jss.processors.GemsAccountsReceivableProcessor$UploadGemsAccountsReceivableFile,execute
com.intuit.sbd.payroll.psp.jss.processors.GemsGeneralLedgerProcessor$ArchiveGemsGeneralLedgerFile,execute
com.intuit.sbd.payroll.psp.jss.processors.GemsGeneralLedgerProcessor$Commands,execute
com.intuit.sbd.payroll.psp.jss.processors.GemsGeneralLedgerProcessor$CreateGemsGeneralLedgerFile,execute
com.intuit.sbd.payroll.psp.jss.processors.GemsGeneralLedgerProcessor$GenerateGemsGeneralLedgerData,execute
com.intuit.sbd.payroll.psp.jss.processors.GemsGeneralLedgerProcessor$NotifyGemsGeneralLedgerFileUploaded,execute
com.intuit.sbd.payroll.psp.jss.processors.GemsGeneralLedgerProcessor$UploadGemsGeneralLedgerFile,execute
com.intuit.sbd.payroll.psp.jss.processors.IamEmailAddressProcessor$InsertEmailAddress,execute
com.intuit.sbd.payroll.psp.jss.processors.IopSyncProcessor$IopSync,execute
com.intuit.sbd.payroll.psp.jss.processors.IRSDepositFrequencyFileProcessor$ArchiveDepositFrequencyFiles,execute
com.intuit.sbd.payroll.psp.jss.processors.IRSDepositFrequencyFileProcessor$EmailDepositFrequencyFile,execute
com.intuit.sbd.payroll.psp.jss.processors.IRSDepositFrequencyFileProcessor$PersistDepositFrequencyFile,execute
com.intuit.sbd.payroll.psp.jss.processors.IRSDepositFrequencyFileProcessor$PersistDepositFrequencyFileData,execute
com.intuit.sbd.payroll.psp.jss.processors.IRSDepositFrequencyFileProcessor$ProcessDepositFrequencyFile,execute
com.intuit.sbd.payroll.psp.jss.processors.IRSDepositFrequencyFileProcessor$ProcessDepositFrequencyFile$ErrorInformation,execute
com.intuit.sbd.payroll.psp.jss.processors.JPMCDDScreening.AMLReportProcessor$ArchiveFileStep,execute
com.intuit.sbd.payroll.psp.jss.processors.JPMCDDScreening.AMLReportProcessor$CreateFileStep,execute
com.intuit.sbd.payroll.psp.jss.processors.JPMCDDScreening.AMLReportProcessor$EmailFileStep,execute
com.intuit.sbd.payroll.psp.jss.processors.JPMCDDScreening.IndustryReportProcessor$ArchiveFileStep,execute
com.intuit.sbd.payroll.psp.jss.processors.JPMCDDScreening.IndustryReportProcessor$CreateFileStep,execute
com.intuit.sbd.payroll.psp.jss.processors.JPMCDDScreening.IndustryReportProcessor$EmailFileStep,execute
com.intuit.sbd.payroll.psp.jss.processors.JPMCDDScreening.OFACReportProcessor$ArchiveFileStep,execute
com.intuit.sbd.payroll.psp.jss.processors.JPMCDDScreening.OFACReportProcessor$CreateFileStep,execute
com.intuit.sbd.payroll.psp.jss.processors.JPMCDDScreening.OFACReportProcessor$UploadFileStep,execute
com.intuit.sbd.payroll.psp.jss.processors.JPMCDDScreening.TPSUReportProcessor$ArchiveTPSUFileStep,execute
com.intuit.sbd.payroll.psp.jss.processors.JPMCDDScreening.TPSUReportProcessor$CreateTPSUFileStep,execute
com.intuit.sbd.payroll.psp.jss.processors.JPMCDDScreening.TPSUReportProcessor$UploadTPSUFileStep,execute
com.intuit.sbd.payroll.psp.jss.processors.LedgerBalanceProcessor$UpdateLedgerBalance,execute
com.intuit.sbd.payroll.psp.jss.processors.LedgerOperationsProcessor$ProcessQueuedLedgerOperationJobs,execute
com.intuit.sbd.payroll.psp.jss.processors.MonthlyFeeProcessor$ProcessMonthlyOfferingFees,execute
com.intuit.sbd.payroll.psp.jss.processors.MTLCompanyToOnHoldProcessor$GetPSIDs,execute
com.intuit.sbd.payroll.psp.jss.processors.MTLCompanyToOnHoldProcessor$ProcessPSIDs,execute
com.intuit.sbd.payroll.psp.jss.processors.MtlTransactionReportEnrichProcessor$ArchiveEnrichedMtlTransactionReport,execute
com.intuit.sbd.payroll.psp.jss.processors.MtlTransactionReportEnrichProcessor$DownloadMtlTransactionReport,execute
com.intuit.sbd.payroll.psp.jss.processors.MtlTransactionReportEnrichProcessor$EnrichMtlTransactionReport,execute
com.intuit.sbd.payroll.psp.jss.processors.MtlTransactionReportEnrichProcessor$UploadEnrichedMtlTransactionReport,execute
com.intuit.sbd.payroll.psp.jss.processors.NightlyBatchJobsProcessor$AchProcessorStep,execute
com.intuit.sbd.payroll.psp.jss.processors.NightlyBatchJobsProcessor$Commands,execute
com.intuit.sbd.payroll.psp.jss.processors.NightlyBatchJobsProcessor$CreateReturnBatch,execute
com.intuit.sbd.payroll.psp.jss.processors.NightlyBatchJobsProcessor$DownloadAchReturnsFile,execute
com.intuit.sbd.payroll.psp.jss.processors.NightlyBatchJobsProcessor$DownloadNOCReturnsFile,execute
com.intuit.sbd.payroll.psp.jss.processors.NightlyBatchJobsProcessor$NotifyReturnProcessingResults,execute
com.intuit.sbd.payroll.psp.jss.processors.NightlyBatchJobsProcessor$PersistReturnsFile,execute
com.intuit.sbd.payroll.psp.jss.processors.NightlyBatchJobsProcessor$ProcessAchReturnsBatch,execute
com.intuit.sbd.payroll.psp.jss.processors.NightlyBatchJobsProcessor$ProcessAchReturnsFile,execute
com.intuit.sbd.payroll.psp.jss.processors.NightlyBatchJobsProcessor$ProcessAchTransactions,execute
com.intuit.sbd.payroll.psp.jss.processors.OffloadedTransactionsEventsProcessor$CreateTransactionOffloadedEvents,execute
com.intuit.sbd.payroll.psp.jss.processors.OffloadedTransactionsEventsProcessor$InsertFinancialTransactionState,execute
com.intuit.sbd.payroll.psp.jss.processors.OffloadedTransactionsEventsProcessor$UpdateFinancialTransaction,execute
com.intuit.sbd.payroll.psp.jss.processors.OffloadedTransactionsEventsProcessor$UpdateMoneyMovementTransaction,execute
com.intuit.sbd.payroll.psp.jss.processors.OffloadedTransactionsEventsProcessor$UpdatePayrollStatus,execute
com.intuit.sbd.payroll.psp.jss.processors.OffloadedTransactionsEventsProcessor$UpdateTaxPaymentsAgencyStatus,execute
com.intuit.sbd.payroll.psp.jss.processors.PlSqlJobsProcessor$ExecutePLSql,execute
com.intuit.sbd.payroll.psp.jss.processors.PlSqlJobsProcessor$SendEmail,execute
com.intuit.sbd.payroll.psp.jss.processors.PrimaryDailyBatchJobsProcessor$PauseLedgerBalanceProcessor,execute
com.intuit.sbd.payroll.psp.jss.processors.PrimaryDailyBatchJobsProcessor$ResumeLedgerBalanceProcessor,execute
com.intuit.sbd.payroll.psp.jss.processors.PrimaryDailyBatchJobsProcessor$ScheduleATFDataExtract,execute
com.intuit.sbd.payroll.psp.jss.processors.PrimaryDailyBatchJobsProcessor$StartPrimaryAchOffloadMonitor,execute
com.intuit.sbd.payroll.psp.jss.processors.PrintedCheckBatchProcessor$ArchiveFiles,execute
com.intuit.sbd.payroll.psp.jss.processors.PrintedCheckBatchProcessor$CreateCheckBatches,execute
com.intuit.sbd.payroll.psp.jss.processors.PrintedCheckBatchProcessor$CreatePositivePayFile,execute
com.intuit.sbd.payroll.psp.jss.processors.PrintedCheckBatchProcessor$CreateSuperCheckBatches,execute
com.intuit.sbd.payroll.psp.jss.processors.PrintedCheckBatchProcessor$UploadPositivePayFiles,execute
com.intuit.sbd.payroll.psp.jss.processors.PSPToEMSBSDataSyncProcessor$ProcessPSPToEMSBSFailedPayrollRunEvents,execute
com.intuit.sbd.payroll.psp.jss.processors.PSPToEMSBSDataSyncProcessor$ProcessPSPToEMSBSPayrollRunEvents,execute
com.intuit.sbd.payroll.psp.jss.processors.PSPToSMSMigrationProcessor$PSPToSMSMigration,execute
com.intuit.sbd.payroll.psp.jss.processors.RealTimeEntityEventRetryProcessor$RepublishFailedEntity,execute
com.intuit.sbd.payroll.psp.jss.processors.ReconPlusProcessor$ArchiveReconPlusFiles,execute
com.intuit.sbd.payroll.psp.jss.processors.ReconPlusProcessor$CreateACHReconPlusFile,execute
com.intuit.sbd.payroll.psp.jss.processors.ReconPlusProcessor$CreateCheckReconPlusFile,execute
com.intuit.sbd.payroll.psp.jss.processors.ReconPlusProcessor$CreateReturnsReconPlusFile,execute
com.intuit.sbd.payroll.psp.jss.processors.ReconPlusProcessor$UploadCheckReconPlusFiles,execute
com.intuit.sbd.payroll.psp.jss.processors.ReconPlusProcessor$UploadReturnsAccountsReconPlusFiles,execute
com.intuit.sbd.payroll.psp.jss.processors.ReconPlusProcessor$UploadTaxAccountsReconPlusFiles,execute
com.intuit.sbd.payroll.psp.jss.processors.reencryption.DataReencryptionProcessor$StartEncryptionProcessor,execute
com.intuit.sbd.payroll.psp.jss.processors.RetryQbdtUnprocessedRequestProcessor$ResetQbdtFlagsStep,execute
com.intuit.sbd.payroll.psp.jss.processors.RetryQbdtUnprocessedRequestProcessor$RetryUnprocessedQbdtRequestsStep,execute
com.intuit.sbd.payroll.psp.jss.processors.rtbAutomation.RTBAutomationProcessor$RTBAutomationDataCleanup,execute
com.intuit.sbd.payroll.psp.jss.processors.SalesTaxExceptionProcessor$ReCalculateSalesTax,execute
com.intuit.sbd.payroll.psp.jss.processors.ScheduledDailyBatchJobsProcessor$ScheduleATFDataExtract,execute
com.intuit.sbd.payroll.psp.jss.processors.ScheduledDailyBatchJobsProcessor$StartScheduledAchOffloadMonitor,execute
com.intuit.sbd.payroll.psp.jss.processors.ScheduledEmailsProcessor$FireUsageBillingDetailsHowToEmailStep,execute
com.intuit.sbd.payroll.psp.jss.processors.ScheduledEmailsProcessor$FireUsageBillingMidTrialEmailStep,execute
com.intuit.sbd.payroll.psp.jss.processors.SendMonthlyDataToTFSProcessor$SendMonthlyDataToTFSStep,execute
com.intuit.sbd.payroll.psp.jss.processors.SendW2AnnualDataToTFSProcessor$SendW2DataToTFSStep,execute
com.intuit.sbd.payroll.psp.jss.processors.SendW2PreviewDataToTFSProcessor$SendW2DataToTFSStep,execute
com.intuit.sbd.payroll.psp.jss.processors.SoxDBUsersProcessor$WriteSOXDBUSersReport,execute
com.intuit.sbd.payroll.psp.jss.processors.SoxReportProcessor$SoxAppReportProcessingStep,execute
com.intuit.sbd.payroll.psp.jss.processors.SoxReportProcessor$SoxDBReportProcessingStep,execute
com.intuit.sbd.payroll.psp.jss.processors.StateReportProcessor$CreateStateReportFiles,execute
com.intuit.sbd.payroll.psp.jss.processors.SUICreditsProcessor$ProcessSUICreditsStep,execute
com.intuit.sbd.payroll.psp.jss.processors.TaxCreditsEchoSignSyncProcessor$ProcessEchoSignSyncs,execute
com.intuit.sbd.payroll.psp.jss.processors.ThirdParty401kOffloadProcessor$Archive401kFiles,execute
com.intuit.sbd.payroll.psp.jss.processors.ThirdParty401kOffloadProcessor$Create401kFiles,execute
com.intuit.sbd.payroll.psp.jss.processors.ThirdParty401kOffloadProcessor$Upload401kFiles,execute
com.intuit.sbd.payroll.psp.jss.processors.ThirdParty401kValidationProcessor$Validate401kData,execute
com.intuit.sbd.payroll.psp.jss.processors.workerscomp.mapper.DomainObjToWCObjConverter$PaycheckDeductionLineItemKey,execute
com.intuit.sbd.payroll.psp.jss.processors.workerscomp.mapper.DomainObjToWCObjConverter$PaycheckPayLineItemKey,execute
com.intuit.sbd.payroll.psp.jss.processors.workerscomp.mapper.DomainObjToWCObjConverterSplitLimit$PaycheckDeductionLineItemKey,execute
com.intuit.sbd.payroll.psp.jss.processors.workerscomp.mapper.DomainObjToWCObjConverterSplitLimit$PaycheckPayLineItemKey,execute
com.intuit.sbd.payroll.psp.jss.processors.WorkersCompProcessor$ArchiveFiles,execute
com.intuit.sbd.payroll.psp.jss.processors.WorkersCompProcessor$ArchiveSplitLimitFiles,execute
com.intuit.sbd.payroll.psp.jss.processors.WorkersCompProcessor$CancelWCSubsHavingEndDateYesterday,execute
com.intuit.sbd.payroll.psp.jss.processors.WorkersCompProcessor$CreateWCFiles,execute
com.intuit.sbd.payroll.psp.jss.processors.WorkersCompProcessor$CreateWCSplitLimitFiles,execute
com.intuit.sbd.payroll.psp.jss.processors.WorkersCompProcessor$MarkDeleteEditedPaycheckToSent,execute
com.intuit.sbd.payroll.psp.jss.processors.WorkersCompProcessor$PullSubscriptionChanges,execute
com.intuit.sbd.payroll.psp.jss.processors.WorkersCompProcessor$PushCompanyChanges,execute
com.intuit.sbd.payroll.psp.jss.processors.WorkersCompProcessor$PushPayrollData,execute
com.intuit.sbd.payroll.psp.jss.processors.WorkersCompProcessor$UploadFiles,execute
com.intuit.sbd.payroll.psp.jss.processors.WorkersCompProcessor$UploadFilesToSplitLimit,execute
com.intuit.sbd.payroll.psp.jss.raf.RAFProcessor$RAFArchiveStep,execute
com.intuit.sbd.payroll.psp.jss.raf.RAFProcessor$RAFEmailStep,execute
com.intuit.sbd.payroll.psp.jss.raf.RAFProcessor$RAFEmailWriterStep,execute
com.intuit.sbd.payroll.psp.jss.raf.RAFProcessor$RAFFileSendStep,execute
com.intuit.sbd.payroll.psp.jss.raf.RAFProcessor$RAFFileWriterStep,execute
com.intuit.sbd.payroll.psp.batchjobs.billing.SyncEMSBSToBRM$BRMUpdater,call
com.intuit.sbd.payroll.psp.batchjobs.zeropayments.ProcessZeroPayments$1,call
com.intuit.sbd.payroll.psp.batchjobs.eoqsuiadjustments.LiabilityAdjustmentsCleanUp$1,call
com.intuit.sbd.payroll.psp.batchjobs.AssistedUsage.AssistedUsageSyncCoreProcessor,call
com.intuit.sbd.payroll.psp.batchjobs.suicredits.ProcessSUICredits$1,call
com.intuit.sbd.payroll.psp.batchjobs.eoqsuiadjustments.EoqSUITaxAdjustments$1,call
com.intuit.sbd.payroll.psp.batchjobs.printedchecks.PrintManualChecks$1,call
com.intuit.sbd.payroll.psp.batchjobs.w2sToTFS.SendW2DataToTFS$1,call
com.intuit.sbd.payroll.psp.batchjobs.employeeTotals.CalculateEmployeeAnnualTotals$1,call
com.intuit.sbd.payroll.psp.batchjobs.amo.ProcessSavedAMOMessages$1,call
com.intuit.sbd.payroll.psp.batchjobs.processors.EftpsPaymentProcessor$InitiateRepayment$1,call
com.intuit.sbd.payroll.psp.batchjobs.ThirdPartyJPMC.Reports.TPSUReport$1,call
com.intuit.sbd.payroll.psp.batchjobs.billing.EMSBSToBRMSyncFileGenerator$TransactionGens,call
com.intuit.sbd.payroll.psp.batchjobs.qbdtrequests.RetryUnprocessedQbdtRequests$1,call
com.intuit.sbd.payroll.psp.batchjobs.AnnualBilling.AnnualBilling$1,call
com.intuit.sbd.payroll.psp.batchjobs.processors.IRSDepositFrequencyFileProcessor$ProcessDepositFrequencyFile$1,call
com.intuit.sbd.payroll.psp.batchjobs.ledgeroperations.ProcessLedgerOperations$1,call
com.intuit.sbd.payroll.psp.batchjobs.achdebitoffload.OffloadATFFinalizedPayments$1,call
com.intuit.sbd.payroll.psp.batchjobs.billing.SyncPSPToEMSBS$CoreProcessor,call
com.intuit.sbd.payroll.psp.batchjobs.iop.SyncIOPData$1,call
com.intuit.sbd.payroll.psp.batchjobs.ACHTransactions.ProcessACHTransactions$1,call
com.intuit.sbd.payroll.psp.batchjobs.ACHReturns.ACHTraceIdFileParser$1,call
com.intuit.sbd.payroll.psp.batchjobs.offload.CreateTransactionOffloadedEvents$1,call
com.intuit.sbd.payroll.psp.batchjobs.offload.CreateTransactionOffloadedEvents$2,call
com.intuit.sbd.payroll.psp.batchjobs.fraudpayrolls.ProcessFraudulentPayrolls$1,call
com.intuit.sbd.payroll.psp.batchjobs.AssistedUsageReport.AssistedUsageToBRMDataSyncFileGenerator$TransactionGens,call
com.intuit.sbd.payroll.psp.batchjobs.w2sToTFS.SendMonthlyDataToTFS$1,call
com.intuit.sbd.payroll.psp.batchjobs.employeeTotals.CalculateEEQuarterlyTotals$1,call
com.intuit.sbd.payroll.psp.batchjobs.ATFDataExtract.CreateFilingsSpecificTransactions$1,call
com.intuit.sbd.payroll.psp.batchjobs.amo.ProcessNewAMOMessages$1,call
com.intuit.sbd.payroll.psp.batchjobs.eoqsuiadjustments.SUIRatePaymentsCleanUp$1,call
com.intuit.sbd.payroll.psp.batchjobs.billing.ProcessMonthlyFeesTask,call
com.intuit.sbd.payroll.psp.jss.processors.ComplianceToolKitProcessor$2,call
com.intuit.sbd.payroll.psp.jss.processors.ComplianceToolKitProcessor$4,call
com.intuit.sbd.payroll.psp.jss.processors.IamEmailAddressProcessor$InsertEmailAddress$1,call
com.intuit.sbd.payroll.psp.jss.processors.ComplianceToolKitProcessor$5,call
com.intuit.sbd.payroll.psp.jss.processors.IRSDepositFrequencyFileProcessor$ProcessDepositFrequencyFile$1,call
com.intuit.sbd.payroll.psp.jss.processors.EftpsPaymentProcessor$InitiateRepayment$1,call
com.intuit.sbd.payroll.psp.jss.processors.ComplianceToolKitProcessor$1,call
com.intuit.sbd.payroll.psp.jss.processors.ComplianceToolKitProcessor$3,call