Alabama, Butler, Dallas, Macon, Perry, Sumter, Wilcox
Alaska, Aleutians West, Wrangell-Petersburg, Yukon-Koyukuk
Arkansas, Arkansas, Chicot, Clay, Desha, Jackson, Lafayette, Lee, Little River, Monroe, Nevada, Ouachita, Phillips, Union, Woodruff
Colorado, Cheyenne, Kiowa, San Juan
Georgia, Randolph, Stewart
Illinois, Alexander, Edwards, Franklin, Gallatin, Greene, Hancock, Hardin, Jasper, Knox, McDonough, Montgomery, Pulaski, Randolph, Richland, Scott, Warren, Wayne, White
Indiana, Perry
Iowa, Adair, Adams, Appanoose, Audubon, Butler, Calhoun, Cass, Cherokee, Clay, Clayton, Emmet, Floyd, Franklin, Fremont, Hancock, Humboldt, Ida, Keokuk, Kossuth, Montgomery, Osceola, Palo Alto, Pocahontas, Poweshiek, Sac, Taylor, Union, Wayne, Winnebago, Worth
Kansas, Atchison, Barber, Barton, Brown, Clay, Cloud, Comanche, Decatur, Edwards, Elk, Ellsworth, Gove, Graham, Greeley, Greenwood, Harper, Hodgeman, Jewell, Kiowa, Labette, Lane, Lincoln, Marshall, Mitchell, Montgomery, Ness, Osborne, Phillips, Rawlins, Republic, Rooks, Rush, Russell, Scott, Sheridan, Sherman, Smith, Stafford, Trego, Wallace, Washington, Wichita, Woodson
Kentucky, Bell, Caldwell, Floyd, Harlan, Hickman, Leslie, Letcher, Pike, Union
Louisiana, Bienville, Claiborne, Franklin, Jackson, Morehouse, St Mary, Tensas, Vernon, Webster
Maine, Aroostook, Piscataquis
Michigan, Gogebic, Marquette, Ontonagon
Minnesota, Big Stone, Chippewa, Cottonwood, Faribault, Jackson, Kittson, Koochiching, Lac Qui Parle, Lincoln, Marshall, Martin, Murray, Norman, Pipestone, Red Lake, Redwood, Renville, Stevens, Traverse, Wilkin, Yellow Medicine
Mississippi, Adams, Coahoma, Humphreys, Montgomery, Quitman, Sharkey, Tallahatchie, Washington
Missouri, Atchison, Carroll, Chariton, Clark, Holt, Knox, Mississippi, New Madrid, Pemiscot, Worth
Montana, Carter, Daniels, Dawson, Deer Lodge, Fallon, Garfield, Hill, Liberty, McCone, Petroleum, Phillips, Powder River, Prairie, Richland, Roosevelt, Rosebud, Sheridan, Valley, Wibaux
Nebraska, Antelope, Banner, Boone, Box Butte, Boyd, Burt, Cedar, Chase, Deuel, Dundy, Fillmore, Franklin, Garden, Garfield, Greeley, Hayes, Hitchcock, Holt, Jefferson, Johnson, Logan, Nance, Nemaha, Nuckolls, Pawnee, Perkins, Red Willow, Richardson, Rock, Sheridan, Sherman, Thayer, Thomas, Valley, Webster, Wheeler
Nevada, Esmeralda, Lander, Mineral
New Hampshire, Coos
New Mexico, Harding, Quay
New York, Clinton, Montgomery
North Dakota, Adams, Barnes, Benson, Billings, Bottineau, Burke, Cavalier, Dickey, Divide, Dunn, Eddy, Emmons, Foster, Golden Valley, Grant, Griggs, Hettinger, Kidder, LaMoure, Logan, McHenry, McIntosh, McKenzie, McLean, Mercer, Mountrail, Nelson, Oliver, Pembina, Pierce, Ramsey, Ransom, Renville, Sargent, Sheridan, Slope, Stark, Steele, Stutsman, Towner, Traill, Walsh, Wells, Williams
Ohio, Crawford, Monroe, Paulding, Seneca, Van Wert
Oklahoma, Alfalfa, Beaver, Cimarron, Custer, Dewey, Ellis, Grant, Greer, Harmon, Harper, Kiowa, Major, Roger Mills, Seminole, Tillman, Woodward
Pennsylvania, Venango, Warren
South Carolina, Marlboro
South Dakota, Aurora, Campbell, Clark, Day, Deuel, Douglas, Faulk, Grant, Gregory, Haakon, Hand, Harding, Hutchinson, Jones, Kingsbury, Marshall, McPherson, Miner, Perkins, Potter, Sanborn, Spink, Tripp, Walworth
Texas, Andrews, Bailey, Baylor, Borden, Briscoe, Brooks, Castro, Cochran, Coleman, Collingsworth, Cottle, Crane, Culberson, Deaf Smith, Dimmit, Eastland, Fisher, Floyd, Foard, Gray, Hall, Hardeman, Haskell, Hemphill, Hockley, Hutchinson, Kenedy, Kent, Knox, Lamb, Martin, McCulloch, Morris, Nolan, Oldham, Reagan, Reeves, Refugio, Roberts, Scurry, Stonewall, Terrell, Terry, Upton, Ward, Wheeler, Wilbarger, Winkler, Yoakum, Zavala
Virginia, Buchanan, Dickenson, Highland, Lee and the independent cities of Clifton Forge, Covington, Norton, Staunton
West Virginia, Calhoun, Gilmer, Logan, McDowell, Mercer, Mingo, Summers, Tucker, Webster, Wetzel, Wyoming
Wyoming, Carbon, Niobrara 